province,district,school,person,mathematics,english,science,schooltype,dayorboarding
1,1,1,1,30,53,49,Secondary,Day
1,1,1,2,64,50,58,Secondary,Day
1,1,1,3,56,61,57,Secondary,Day
1,1,1,4,62,64,43,Secondary,Day
1,1,1,5,51,49,43,Secondary,Day
1,1,2,6,47,57,46,Basic,Day
1,1,2,7,64,65,63,Basic,Day
1,1,2,8,48,34,62,Basic,Day
1,1,2,9,55,64,71,Basic,Day
1,1,2,10,70,56,77,Basic,Day
1,2,3,11,66,72,67,Secondary,Boarding
1,2,3,12,75,59,79,Secondary,Boarding
1,2,3,13,84,71,71,Secondary,Boarding
1,2,3,14,73,71,71,Secondary,Boarding
1,2,3,15,83,77,81,Secondary,Boarding
1,2,4,16,73,65,68,Basic,Day
1,2,4,17,58,52,49,Basic,Day
1,2,4,18,42,42,34,Basic,Day
1,2,4,19,39,61,43,Basic,Day
1,2,4,20,60,51,43,Basic,Day
1,3,5,21,79,66,47,Secondary,Day
1,3,5,22,77,57,66,Secondary,Day
1,3,5,23,43,52,45,Secondary,Day
1,3,5,24,73,64,70,Secondary,Day
1,3,5,25,52,61,63,Secondary,Day
1,3,6,26,24,40,35,Basic,Day
1,3,6,27,36,60,59,Basic,Day
1,3,6,28,60,61,42,Basic,Day
1,3,6,29,47,38,25,Basic,Day
1,3,6,30,39,43,30,Basic,Day
1,4,7,31,43,37,55,Secondary,Day
1,4,7,32,66,47,53,Secondary,Day
1,4,7,33,33,52,49,Secondary,Day
1,4,7,34,47,51,36,Secondary,Day
1,4,7,35,55,34,41,Secondary,Day
1,4,8,36,65,80,75,Basic,Day
1,4,8,37,90,65,73,Basic,Day
1,4,8,38,55,69,62,Basic,Day
1,4,8,39,59,67,64,Basic,Day
1,4,8,40,63,70,66,Basic,Day
1,5,9,41,77,68,46,Secondary,Boarding
1,5,9,42,65,56,73,Secondary,Boarding
1,5,9,43,63,64,74,Secondary,Boarding
1,5,9,44,62,58,63,Secondary,Boarding
1,5,9,45,64,70,54,Secondary,Boarding
1,5,10,46,51,54,70,Basic,Day
1,5,10,47,85,100,100,Basic,Day
1,5,10,48,76,81,61,Basic,Day
1,5,10,49,63,68,70,Basic,Day
1,5,10,50,73,67,79,Basic,Day
2,6,11,51,53,72,40,Secondary,Boarding
2,6,11,52,50,57,67,Secondary,Boarding
2,6,11,53,60,76,80,Secondary,Boarding
2,6,11,54,68,72,86,Secondary,Boarding
2,6,11,55,65,84,80,Secondary,Boarding
2,6,12,56,83,71,68,Basic,Day
2,6,12,57,81,67,69,Basic,Day
2,6,12,58,87,85,88,Basic,Day
2,6,12,59,70,59,78,Basic,Day
2,6,12,60,63,65,68,Basic,Day
2,7,13,61,47,53,40,Secondary,Day
2,7,13,62,56,58,58,Secondary,Day
2,7,13,63,74,71,69,Secondary,Day
2,7,13,64,74,76,65,Secondary,Day
2,7,13,65,77,60,66,Secondary,Day
2,7,14,66,58,69,62,Basic,Day
2,7,14,67,37,55,37,Basic,Day
2,7,14,68,51,55,63,Basic,Day
2,7,14,69,73,78,58,Basic,Day
2,7,14,70,38,53,44,Basic,Day
2,8,15,71,80,63,77,Secondary,Day
2,8,15,72,48,52,40,Secondary,Day
2,8,15,73,50,45,29,Secondary,Day
2,8,15,74,31,50,40,Secondary,Day
2,8,15,75,41,50,44,Secondary,Day
2,8,16,76,64,58,38,Basic,Day
2,8,16,77,59,68,59,Basic,Day
2,8,16,78,60,55,47,Basic,Day
2,8,16,79,55,60,40,Basic,Day
2,8,16,80,55,57,51,Basic,Day
2,9,17,81,57,69,66,Secondary,Boarding
2,9,17,82,56,55,66,Secondary,Boarding
2,9,17,83,67,67,52,Secondary,Boarding
2,9,17,84,63,63,63,Secondary,Boarding
2,9,17,85,54,58,66,Secondary,Boarding
2,9,18,86,77,88,88,Basic,Day
2,9,18,87,74,57,67,Basic,Day
2,9,18,88,51,53,62,Basic,Day
2,9,18,89,72,83,76,Basic,Day
2,9,18,90,79,81,80,Basic,Day
2,10,19,91,56,64,59,Secondary,Day
2,10,19,92,58,78,74,Secondary,Day
2,10,19,93,77,55,57,Secondary,Day
2,10,19,94,42,34,55,Secondary,Day
2,10,19,95,45,47,48,Secondary,Day
2,10,20,96,51,70,58,Basic,Day
2,10,20,97,70,48,51,Basic,Day
2,10,20,98,68,64,66,Basic,Day
2,10,20,99,48,47,65,Basic,Day
2,10,20,100,65,60,56,Basic,Day
